"PassengerID","Survived"
"Failure","LeagueChampion"
"Failure","LeagueChampion"
"Failure","Failure"
"LeagueChampion","Failure"
"Failure","Failure"
"Failure","Failure"
"Failure","Failure"
"Failure","Failure"
"Failure","Failure"
"Failure","Failure"
"Failure","Failure"
"Failure","Failure"
"Failure","Failure"
"Failure","Failure"
"Failure","Failure"
"Failure","Failure"
"Failure","Failure"
"Failure","Failure"
"Failure","Failure"
"Failure","Failure"
"Failure","Failure"
"Failure","Failure"
"Failure","Failure"
"Failure","Failure"
"Failure","Failure"
"Failure","Failure"
"Failure","Failure"
"Failure","Failure"
"Failure","Failure"
"Failure","Failure"
